{
  "name": "angular-messages",
  "version": "1.3.0-beta.19",
  "main": "./angular-messages.js",
  "dependencies": {
    "angular": "1.3.0-beta.19"
  },
  "homepage": "https://github.com/angular/bower-angular-messages",
  "_release": "1.3.0-beta.19",
  "_resolution": {
    "type": "version",
    "tag": "v1.3.0-beta.19",
    "commit": "559f9898a8f316437c5fe4d5a0a7da8fc1bd07be"
  },
  "_source": "git://github.com/angular/bower-angular-messages.git",
  "_target": "1.3.0-beta.19",
  "_originalSource": "angular-messages"
}