{
  "name": "ng-table-extend",
  "main": [
    "ng-table.js",
    "ng-table.css"
  ],
  "ignore": [
    "examples",
    "src"
  ],
  "dependencies": {
    "angular": "~1"
  },
  "devDependencies": {
    "angular-mocks": "~1"
  },
  "homepage": "https://github.com/zhangrunmeng/ng-table-x",
  "_release": "8ae953bd2f",
  "_resolution": {
    "type": "branch",
    "branch": "master",
    "commit": "8ae953bd2f3e02893fa597dd3b72ae835469b8b8"
  },
  "_source": "git://github.com/zhangrunmeng/ng-table-x.git",
  "_target": "*",
  "_originalSource": "ng-table-x"
}