{
  "name": "SignalR",
  "version": "2.0.2",
  "homepage": "http://www.asp.net/signalr",
  "authors": [
    "Microsoft"
  ],
  "description": "Microsoft ASP.NET SignalR JavaScript Client",
  "main": "./jquery.signalr-2.0.2.js",
  "keywords": [
    "signalr",
    "microsoft",
    "asp.net",
    "javascript",
    "jquery",
    "realtime"
  ],
  "license": "http://www.microsoft.com/web/webpi/eula/signalr_client_enu.htm",
  "dependencies": {
    "jquery": ">=1.6.4"
  },
  "_release": "2.0.2",
  "_resolution": {
    "type": "version",
    "tag": "v2.0.2",
    "commit": "d8f0c5830316c9c6d8f4f333985a6ed09daebb08"
  },
  "_source": "git://github.com/SignalR/bower-signalr.git",
  "_target": "2.0.2",
  "_originalSource": "signalr"
}